{
  "status":"0",
  "msg":"",
  "result":[
    {
      "productId":"1",
      "productName":"SONY WIRELESS AND NOISE-CANCELING HEADPHONES",
      "productPrice":299,
      "productImg":"https://img10.360buyimg.com/n7/jfs/t16957/204/2641931639/182834/f17609b3/5b03c877N5c2ae15b.jpg"
    },
    {
      "productId":"2",
      "productName":"Jabra - Elite Active 65t True Wireless Earbud Headphones - Titanium Black",
      "productPrice":189,
      "productImg":"https://img10.360buyimg.com/n1/s450x450_jfs/t22330/175/1415302271/66307/521bcd3/5b28697cN3080b181.jpg"
    },
    {
      "productId": "3",
      "productName": "Sony - WH-1000XM3 Wireless Noise Canceling Over - Black",
      "productPrice": 350,
      "productImg": "https://img10.360buyimg.com/n7/jfs/t26881/248/1069038704/78844/5f504fd9/5bc0914fN9c0e3876.jpg"
    },
    {
      "productId":"4",
      "productName":"Sony - BDV-N9200W - Black",
      "productPrice":999,
      "productImg":"https://images-na.ssl-images-amazon.com/images/I/61gOlMknLzL._SL1320_.jpg"
    },
    {
      "productId":"5",
      "productName":"Visual Keyboard",
      "productPrice":30,
      "productImg":"https://g-search1.alicdn.com/img/bao/uploaded/i4/i6/TB11ka9kKSSBuNjy0FlYXHBpVXa_M2.SS2_230x230.jpg_.webp"
    },
    {
      "productId":"6",
      "productName":"Speaker",
      "productPrice":39,
      "productImg":"https://g-search2.alicdn.com/img/bao/uploaded/i4/i1/697160844/TB2VJ4oi4uTBuNkHFNRXXc9qpXa_!!697160844.jpg_230x230.jpg_.webp"
    },
    {
      "productId":"7",
      "productName":"Nintendo Switch with Neon Blue and Neon Red Joy-Con + Pokemon Let's Go",
      "productPrice":329,
      "productImg":"https://i.ebayimg.com/images/g/nAUAAOSwUu5b7ErE/s-l300.jpg"
    },
    {
      "productId":"8",
      "productName":"Samsung Galaxy S8 SM-G950U - 64GB - (Unlocked) Smartphone",
      "productPrice":296,
      "productImg":"https://i.ebayimg.com/thumbs/images/g/Jh4AAOSwUC1bYLbL/s-l225.webp"
    },
    {
      "productId":"9",
      "productName":"APPLE iPHONE XS MAX UNLOCKED GOLD SILVER SPACE GRAY ",
      "productPrice":1899,
      "productImg":"https://i.ebayimg.com/thumbs/images/m/mu-UB-NUpN3j3qOQM_BxNfQ/s-l225.jpg"
    },
    {
      "productId":"10",
      "productName":"Apple Watch Series 3 GPS/Cellular 42MM",
      "productPrice":280,
      "productImg":"https://i.ebayimg.com/images/g/DZgAAOSwKR1af6Pz/s-l1600.jpg"
    },
    {
      "productId":"11",
      "productName":"i7S TWS Twins Wireless Bluetooth Earbuds",
      "productPrice":12.49,
      "productImg":"https://i.ebayimg.com/images/g/SjEAAOSworhb5rxc/s-l1600.jpg"
    },
    {
      "productId":"12",
      "productName":"Mini True Wireless Sport Earbuds Headset",
      "productPrice":19,
      "productImg":"https://i.ebayimg.com/images/g/r1EAAOSwgN9bT~9r/s-l1600.jpg"
    },
    {
      "productId":"13",
      "productName":"for-test",
      "productPrice":1999,
      "productImg":"https://leslieannetarabella.com/wp-content/uploads/2016/04/bigstock-Test-word-on-white-keyboard-27134336.jpg"
    },
    {
      "productId":"13",
      "productName":"for-test",
      "productPrice":1999,
      "productImg":"https://leslieannetarabella.com/wp-content/uploads/2016/04/bigstock-Test-word-on-white-keyboard-27134336.jpg"
    },
    {
      "productId":"13",
      "productName":"for-test",
      "productPrice":1999,
      "productImg":"https://leslieannetarabella.com/wp-content/uploads/2016/04/bigstock-Test-word-on-white-keyboard-27134336.jpg"
    },
    {
      "productId":"13",
      "productName":"for-test",
      "productPrice":1999,
      "productImg":"https://leslieannetarabella.com/wp-content/uploads/2016/04/bigstock-Test-word-on-white-keyboard-27134336.jpg"
    },
    {
      "productId":"13",
      "productName":"for-test",
      "productPrice":1999,
      "productImg":"https://leslieannetarabella.com/wp-content/uploads/2016/04/bigstock-Test-word-on-white-keyboard-27134336.jpg"
    },
    {
      "productId":"13",
      "productName":"for-test",
      "productPrice":1999,
      "productImg":"https://leslieannetarabella.com/wp-content/uploads/2016/04/bigstock-Test-word-on-white-keyboard-27134336.jpg"
    },
    {
      "productId":"13",
      "productName":"for-test",
      "productPrice":1999,
      "productImg":"https://leslieannetarabella.com/wp-content/uploads/2016/04/bigstock-Test-word-on-white-keyboard-27134336.jpg"
    },
    {
      "productId":"13",
      "productName":"for-test",
      "productPrice":1999,
      "productImg":"https://leslieannetarabella.com/wp-content/uploads/2016/04/bigstock-Test-word-on-white-keyboard-27134336.jpg"
    },
    {
      "productId":"13",
      "productName":"for-test",
      "productPrice":1999,
      "productImg":"https://leslieannetarabella.com/wp-content/uploads/2016/04/bigstock-Test-word-on-white-keyboard-27134336.jpg"
    },
    {
      "productId":"13",
      "productName":"for-test",
      "productPrice":1999,
      "productImg":"https://leslieannetarabella.com/wp-content/uploads/2016/04/bigstock-Test-word-on-white-keyboard-27134336.jpg"
    },
    {
      "productId":"13",
      "productName":"for-test",
      "productPrice":1999,
      "productImg":"https://leslieannetarabella.com/wp-content/uploads/2016/04/bigstock-Test-word-on-white-keyboard-27134336.jpg"
    },
    {
      "productId":"13",
      "productName":"for-test",
      "productPrice":1999,
      "productImg":"https://leslieannetarabella.com/wp-content/uploads/2016/04/bigstock-Test-word-on-white-keyboard-27134336.jpg"
    }
  ]
}
